{
  "principalPoint": {
    "x": 0,
    "y": 0
  },
  "viewTransform": {
    "rows": [
      [
        -0.9164928909670843,
        0.20120270089877362,
        -0.34577196814929173,
        -1.0218973046731137
      ],
      [
        -0.0787770916160132,
        0.7566285481527324,
        0.6490819747588209,
        -0.20180503711957148
      ],
      [
        0.39221798867889573,
        0.6221179255344818,
        -0.6775945218826335,
        -10
      ],
      [
        0,
        0,
        0,
        1
      ]
    ]
  },
  "cameraTransform": {
    "rows": [
      [
        -0.9164928909670843,
        -0.07877709161601326,
        0.3922179886788958,
        2.9697206578598827
      ],
      [
        0.20120270089877362,
        0.7566285481527324,
        0.6221179255344818,
        6.579479205331915
      ],
      [
        -0.3457719681492917,
        0.649081974758821,
        -0.6775945218826335,
        -6.998300649099765
      ],
      [
        0,
        0,
        0,
        1
      ]
    ]
  },
  "horizontalFieldOfView": 1.0662470543634237,
  "verticalFieldOfView": 0.5738375957141917,
  "vanishingPoints": [
    {
      "x": 3.9596869678961326,
      "y": 0.3403546564464188
    },
    {
      "x": -0.8647272751364575,
      "y": 1.623263130257703
    },
    {
      "x": -0.5480502157355063,
      "y": -2.0609586113626333
    }
  ],
  "vanishingPointAxes": [
    "xNegative",
    "zPositive",
    "yPositive"
  ],
  "relativeFocalLength": 1.694569018104947,
  "imageWidth": 4608,
  "imageHeight": 2304
}