{
  "principalPoint": {
    "x": 0,
    "y": 0
  },
  "viewTransform": {
    "rows": [
      [
        0.7591887315170608,
        -0.011822481315463845,
        -0.6507631664999655,
        -2.3034531806454157
      ],
      [
        -0.22131667086620171,
        0.9355697620666827,
        -0.2751874842778864,
        -0.26706560790668066
      ],
      [
        0.6120877397352585,
        0.3529439746504198,
        0.7076575087030069,
        -3.8092593606195013
      ],
      [
        0,
        0,
        0,
        1
      ]
    ]
  },
  "cameraTransform": {
    "rows": [
      [
        0.7591887315170608,
        -0.22131667086620174,
        0.6120877397352585,
        4.021250579185334
      ],
      [
        -0.011822481315463845,
        0.9355697620666827,
        0.3529439746504198,
        1.5670811142675847
      ],
      [
        -0.6507631664999655,
        -0.2751874842778865,
        0.7076575087030069,
        1.123155390641394
      ],
      [
        0,
        0,
        0,
        1
      ]
    ]
  },
  "horizontalFieldOfView": 1.8112814673488802,
  "verticalFieldOfView": 1.2442334118005902,
  "vanishingPoints": [
    {
      "x": -0.9729112031660854,
      "y": 0.2836204748493557
    },
    {
      "x": 0.7213349517536158,
      "y": 0.3050300952993452
    },
    {
      "x": 0.02627483489896554,
      "y": -2.0792539551416427
    }
  ],
  "vanishingPointAxes": [
    "xNegative",
    "zNegative",
    "yNegative"
  ],
  "relativeFocalLength": 0.7843991811088382,
  "imageWidth": 2304,
  "imageHeight": 1296
}