{
  "principalPoint": {
    "x": 0,
    "y": 0
  },
  "viewTransform": {
    "rows": [
      [
        0.009468461709714526,
        -0.006788440257349301,
        -0.9999321303527173,
        -1.6893890255233819
      ],
      [
        -0.09964744437122379,
        0.9949930252103778,
        -0.007698481212825741,
        -0.8673082870471296
      ],
      [
        0.9949777560644939,
        0.09971357410890828,
        0.008744602637740637,
        -4.822152900829707
      ],
      [
        0,
        0,
        0,
        1
      ]
    ]
  },
  "cameraTransform": {
    "rows": [
      [
        0.009468461709729344,
        -0.09964744437122366,
        0.9949777560644937,
        4.7275057336822055
      ],
      [
        -0.006788440257349301,
        0.9949930252103778,
        0.09971357410890828,
        1.3323314804892372
      ],
      [
        -0.9999321303527174,
        -0.0076984812128242635,
        0.008744602637725892,
        -1.6537835128635427
      ],
      [
        0,
        0,
        0,
        1
      ]
    ]
  },
  "horizontalFieldOfView": 1.6869936918421924,
  "verticalFieldOfView": 1.127199588115729,
  "vanishingPoints": [
    {
      "x": -0.008470094138378403,
      "y": 0.08914048135265025
    },
    {
      "x": 101.7776984367286,
      "y": 0.783586881065032
    },
    {
      "x": 0.060595154709652974,
      "y": -8.881533019661685
    }
  ],
  "vanishingPointAxes": [
    "xNegative",
    "zNegative",
    "yNegative"
  ],
  "relativeFocalLength": 0.8900659386743042,
  "imageWidth": 2304,
  "imageHeight": 1296
}