{
  "principalPoint": {
    "x": 0,
    "y": 0
  },
  "viewTransform": {
    "rows": [
      [
        -0.996956775439855,
        -0.01181786038522754,
        -0.07705534426943914,
        1.5753913056372124
      ],
      [
        -0.023856334755122,
        0.9872720044049083,
        0.15724142142058606,
        -0.9880826984127772
      ],
      [
        0.07421632702187622,
        0.15860115855260973,
        -0.984549444826999,
        -3.691130253230681
      ],
      [
        0,
        0,
        0,
        1
      ]
    ]
  },
  "cameraTransform": {
    "rows": [
      [
        -0.9969567754398552,
        -0.02385633475512201,
        0.07421632702187624,
        1.8209671344590883
      ],
      [
        -0.011817860385227544,
        0.9872720044049085,
        0.15860115855260976,
        1.5795416752128892
      ],
      [
        -0.07705534426943914,
        0.15724142142058606,
        -0.9845494448269991,
        -3.3573403942079376
      ],
      [
        0,
        0,
        0,
        1
      ]
    ]
  },
  "horizontalFieldOfView": 1.7895474180979827,
  "verticalFieldOfView": 1.2231697390664515,
  "vanishingPoints": [
    {
      "x": 10.774760158663701,
      "y": 0.2578309226473981
    },
    {
      "x": -0.06277633732460797,
      "y": 0.12810325625155236
    },
    {
      "x": 0.059767245275903554,
      "y": -4.992995865398944
    }
  ],
  "vanishingPointAxes": [
    "xNegative",
    "zPositive",
    "yPositive"
  ],
  "relativeFocalLength": 0.8021041064341619,
  "imageWidth": 2304,
  "imageHeight": 1296
}