{
  "principalPoint": {
    "x": 0,
    "y": 0
  },
  "viewTransform": {
    "rows": [
      [
        -0.9372916719950735,
        0.035914372269322814,
        0.34669075481353734,
        3.203156725130251
      ],
      [
        0.08800641981876664,
        0.986833414119053,
        0.13570071056857808,
        -0.6627912233316411
      ],
      [
        -0.33725241537958295,
        0.15770215801514736,
        -0.9281114360237153,
        -7.603529550327521
      ],
      [
        0,
        0,
        0,
        1
      ]
    ]
  },
  "cameraTransform": {
    "rows": [
      [
        -0.9372916719950732,
        0.08800641981876663,
        -0.33725241537958284,
        0.4963132989543247
      ],
      [
        0.0359143722693228,
        0.9868334141190526,
        0.15770215801514728,
        1.7381181813237867
      ],
      [
        0.3466907548135372,
        0.13570071056857808,
        -0.928111436023715,
        -8.077486312659971
      ],
      [
        0,
        0,
        0,
        1
      ]
    ]
  },
  "horizontalFieldOfView": 1.5707855308206637,
  "verticalFieldOfView": 1.0247696944141649,
  "vanishingPoints": [
    {
      "x": -2.779229290237959,
      "y": 0.26095400929859136
    },
    {
      "x": 0.37354835232235883,
      "y": 0.1462132351038001
    },
    {
      "x": -0.22773791084459225,
      "y": -6.257644666535803
    }
  ],
  "vanishingPointAxes": [
    "xPositive",
    "zPositive",
    "yNegative"
  ],
  "relativeFocalLength": 1.00001079603251,
  "imageWidth": 2304,
  "imageHeight": 1296
}