{
  "principalPoint": {
    "x": 0,
    "y": 0
  },
  "viewTransform": {
    "rows": [
      [
        -0.8444522256157234,
        -0.0237772039670808,
        -0.5351028716276518,
        0.2953655936010297
      ],
      [
        -0.116852637789859,
        0.9831291665096058,
        0.1407213665357168,
        -0.282733166894176
      ],
      [
        0.5227292795455438,
        0.18136065320139144,
        -0.8329840417295887,
        -7.868017702899195
      ],
      [
        0,
        0,
        0,
        1
      ]
    ]
  },
  "cameraTransform": {
    "rows": [
      [
        -0.8444522256157234,
        -0.11685263778985905,
        0.5227292795455439,
        4.329227241832515
      ],
      [
        -0.023777203967080808,
        0.983129166509606,
        0.18136065320139147,
        1.7119350206751118
      ],
      [
        -0.5351028716276518,
        0.1407213665357168,
        -0.8329840417295888,
        -6.35609561163469
      ],
      [
        0,
        0,
        0,
        1
      ]
    ]
  },
  "horizontalFieldOfView": 1.8289020806444782,
  "verticalFieldOfView": 1.2615048889289708,
  "vanishingPoints": [
    {
      "x": 1.2443387501691756,
      "y": 0.17218767486270115
    },
    {
      "x": -0.49481284865312747,
      "y": 0.13012589528831953
    },
    {
      "x": 0.1009852813898036,
      "y": -4.175494127061767
    }
  ],
  "vanishingPointAxes": [
    "xNegative",
    "zPositive",
    "yPositive"
  ],
  "relativeFocalLength": 0.7702653609708533,
  "imageWidth": 2304,
  "imageHeight": 1296
}