{
  "principalPoint": {
    "x": 0,
    "y": 0
  },
  "viewTransform": {
    "rows": [
      [
        -0.3487401793868099,
        0.025181012077452686,
        -0.9368811044695112,
        0.809598640440007
      ],
      [
        -0.2366633539162592,
        0.9648772407970625,
        0.1140279224793426,
        -0.7428095672962846
      ],
      [
        0.9068465935285654,
        0.26149154254507495,
        -0.3305320392685616,
        -5.006360075967226
      ],
      [
        0,
        0,
        0,
        1
      ]
    ]
  },
  "cameraTransform": {
    "rows": [
      [
        -0.3487401793868095,
        -0.23666335391625926,
        0.9068465935285653,
        4.646544352449229
      ],
      [
        0.02518101207745268,
        0.9648772407970623,
        0.2614915425450749,
        2.005454351388438
      ],
      [
        -0.9368811044695109,
        0.11402792247934268,
        -0.3305320392685619,
        -0.8115637050331367
      ],
      [
        0,
        0,
        0,
        1
      ]
    ]
  },
  "horizontalFieldOfView": 1.0796464827142935,
  "verticalFieldOfView": 0.5821698159150179,
  "vanishingPoints": [
    {
      "x": 0.6418064168545929,
      "y": 0.43554505088819023
    },
    {
      "x": -4.730497432803492,
      "y": 0.5757494648820721
    },
    {
      "x": -0.16071315561963898,
      "y": -6.158150660390484
    }
  ],
  "vanishingPointAxes": [
    "xNegative",
    "zPositive",
    "yPositive"
  ],
  "relativeFocalLength": 1.6689214413226723,
  "imageWidth": 4608,
  "imageHeight": 2304
}