{
  "principalPoint": {
    "x": 0,
    "y": 0
  },
  "viewTransform": {
    "rows": [
      [
        0.4303426100094812,
        0.007121138102139012,
        -0.9026375393270312,
        0.9217581412755846
      ],
      [
        -0.1295132953730913,
        0.9901097147802154,
        -0.05393569337129788,
        -2.073646158530113
      ],
      [
        0.8933261130918708,
        0.1401143893037775,
        0.42700868091667576,
        -10
      ],
      [
        0,
        0,
        0,
        1
      ]
    ]
  },
  "cameraTransform": {
    "rows": [
      [
        0.4303426100094812,
        -0.12951329537309134,
        0.893326113091871,
        8.2680245791757
      ],
      [
        0.007121138102139015,
        0.9901097147802158,
        0.14011438930377756,
        3.447717132594322
      ],
      [
        -0.9026375393270315,
        -0.05393569337129791,
        0.427008680916676,
        4.990256766295362
      ],
      [
        0,
        0,
        0,
        1
      ]
    ]
  },
  "horizontalFieldOfView": 2.0718828973180434,
  "verticalFieldOfView": 1.4019340297485712,
  "vanishingPoints": [
    {
      "x": -0.28540482864859473,
      "y": 0.08589370193404178
    },
    {
      "x": 1.2523729629495972,
      "y": 0.07483358621060004
    },
    {
      "x": -0.030110895118520532,
      "y": -4.1865625058753375
    }
  ],
  "vanishingPointAxes": [
    "xNegative",
    "zNegative",
    "yNegative"
  ],
  "relativeFocalLength": 0.5924572196759306,
  "imageWidth": 4608,
  "imageHeight": 2304
}