{
  "principalPoint": {
    "x": 0,
    "y": 0
  },
  "viewTransform": {
    "rows": [
      [
        -0.31296306586381345,
        0.08933428508635793,
        -0.9455546017619667,
        -0.6473133534091214
      ],
      [
        -0.24006426869304634,
        0.9557985539382503,
        0.16975945094875317,
        -0.04851661803257892
      ],
      [
        0.9189250602209057,
        0.28012231220961065,
        -0.2776836759702418,
        -10
      ],
      [
        0,
        0,
        0,
        1
      ]
    ]
  },
  "cameraTransform": {
    "rows": [
      [
        -0.31296306586381356,
        -0.24006426869304634,
        0.9189250602209057,
        8.9750183241241
      ],
      [
        0.08933428508635795,
        0.9557985539382505,
        0.2801223122096107,
        2.9054225111072767
      ],
      [
        -0.9455546017619669,
        0.16975945094875314,
        -0.2776836759702417,
        -3.380670725361281
      ],
      [
        0,
        0,
        0,
        1
      ]
    ]
  },
  "horizontalFieldOfView": 1.0370349792929612,
  "verticalFieldOfView": 0.5558285552284966,
  "vanishingPoints": [
    {
      "x": 0.5968772759220751,
      "y": 0.45784606035934944
    },
    {
      "x": -5.9677183127382625,
      "y": 1.0714099241857409
    },
    {
      "x": -0.5589108190767019,
      "y": -5.979855910164239
    }
  ],
  "vanishingPointAxes": [
    "xNegative",
    "zPositive",
    "yPositive"
  ],
  "relativeFocalLength": 1.7525566002726265,
  "imageWidth": 4608,
  "imageHeight": 2304
}