{
  "principalPoint": {
    "x": 0,
    "y": 0
  },
  "viewTransform": {
    "rows": [
      [
        -0.8523808132502072,
        -0.04737645032479261,
        0.5207709872463497,
        1.3228631034964666
      ],
      [
        0.15506238366804534,
        0.9281959565445217,
        0.33824240335236483,
        -1.0412443902467725
      ],
      [
        -0.49940224906792224,
        0.36906332547277354,
        -0.7838301189778805,
        -1.511304373984084
      ],
      [
        0,
        0,
        0,
        1
      ]
    ]
  },
  "cameraTransform": {
    "rows": [
      [
        -0.8523808132502073,
        0.1550623836680454,
        -0.4994022490679225,
        0.5342921617158163
      ],
      [
        -0.04737645032479263,
        0.9281959565445221,
        0.3690633254727737,
        1.5869184089751367
      ],
      [
        0.5207709872463496,
        0.3382424033523649,
        -0.7838301189778806,
        -1.521321606637125
      ],
      [
        0,
        0,
        0,
        1
      ]
    ]
  },
  "horizontalFieldOfView": 1.7976581197438355,
  "verticalFieldOfView": 1.23099959236346,
  "vanishingPoints": [
    {
      "x": -1.357694910687704,
      "y": 0.2469875035577687
    },
    {
      "x": 0.5284986135883292,
      "y": 0.34326152110303115
    },
    {
      "x": 0.10211290840310244,
      "y": -2.000588647756096
    }
  ],
  "vanishingPointAxes": [
    "xPositive",
    "zPositive",
    "yNegative"
  ],
  "relativeFocalLength": 0.7954612321224095,
  "imageWidth": 2304,
  "imageHeight": 1296
}