{
  "principalPoint": {
    "x": 0,
    "y": 0
  },
  "viewTransform": {
    "rows": [
      [
        0.8834539351220025,
        0.0009153565017602922,
        -0.4685171359085206,
        -2.4062274744216428
      ],
      [
        -0.12190884202324713,
        0.9660017543254734,
        -0.22798869462466542,
        -0.5671121326657887
      ],
      [
        0.45237968428522457,
        0.25853389093614526,
        0.8535296412447655,
        -3.4754246357464065
      ],
      [
        0,
        0,
        0,
        1
      ]
    ]
  },
  "cameraTransform": {
    "rows": [
      [
        0.8834539351220025,
        -0.12190884202324712,
        0.4523796842852245,
        3.628866647161909
      ],
      [
        0.0009153565017602919,
        0.9660017543254732,
        0.2585338909361452,
        1.4485489247526921
      ],
      [
        -0.46851713590852057,
        -0.22798869462466534,
        0.8535296412447653,
        1.7097239830291455
      ],
      [
        0,
        0,
        0,
        1
      ]
    ]
  },
  "horizontalFieldOfView": 1.822521654075296,
  "verticalFieldOfView": 1.2552305830664694,
  "vanishingPoints": [
    {
      "x": -1.5142051178331346,
      "y": 0.2089469356149507
    },
    {
      "x": 0.4256089629540818,
      "y": 0.207108821529646
    },
    {
      "x": -0.0027452170126531423,
      "y": -2.8971056032567573
    }
  ],
  "vanishingPointAxes": [
    "xNegative",
    "zNegative",
    "yNegative"
  ],
  "relativeFocalLength": 0.7753608942313769,
  "imageWidth": 2304,
  "imageHeight": 1296
}