{
  "principalPoint": {
    "x": 0,
    "y": 0
  },
  "viewTransform": {
    "rows": [
      [
        0.5705359403295929,
        0.005866340434775713,
        0.821251683007183,
        -1.2813301076680985
      ],
      [
        0.3425889319788405,
        0.9071172312775957,
        -0.2444813948030936,
        -0.9068106328189183
      ],
      [
        -0.7464057639634254,
        0.42083715944432953,
        0.5155332392319657,
        -1.5188241427984126
      ],
      [
        0,
        0,
        0,
        1
      ]
    ]
  },
  "cameraTransform": {
    "rows": [
      [
        0.5705359403295928,
        0.3425889319788405,
        -0.7464057639634254,
        -0.09195093057601739
      ],
      [
        0.005866340434775715,
        0.9071172312775959,
        0.42083715944432964,
        1.4692779071074433
      ],
      [
        0.8212516830071831,
        -0.24448139480309372,
        0.5155332392319658,
        1.6136005092369354
      ],
      [
        0,
        0,
        0,
        1
      ]
    ]
  },
  "horizontalFieldOfView": 1.7906098030933748,
  "verticalFieldOfView": 1.224193271100553,
  "vanishingPoints": [
    {
      "x": 0.6124435360496381,
      "y": 0.3677531283855338
    },
    {
      "x": -1.2763730713823076,
      "y": 0.3799681330795225
    },
    {
      "x": -0.01116892086892526,
      "y": -1.7270597722079726
    }
  ],
  "vanishingPointAxes": [
    "xPositive",
    "zNegative",
    "yPositive"
  ],
  "relativeFocalLength": 0.8012315317866068,
  "imageWidth": 2304,
  "imageHeight": 1296
}