{
  "principalPoint": {
    "x": 0,
    "y": 0
  },
  "viewTransform": {
    "rows": [
      [
        -0.9746956936093657,
        0.061194615819551636,
        -0.21499656707504658,
        -1.1747086272798193
      ],
      [
        -0.07006138784820441,
        0.8297062551855884,
        0.5537859984133681,
        -0.4039997938823908
      ],
      [
        0.21227271796474698,
        0.5548357857065501,
        -0.804423734176991,
        -10
      ],
      [
        0,
        0,
        0,
        1
      ]
    ]
  },
  "cameraTransform": {
    "rows": [
      [
        -0.9746956936093656,
        -0.07006138784820437,
        0.2122727179647469,
        0.9494389531422709
      ],
      [
        0.06119461581955162,
        0.8297062551855882,
        0.55483578570655,
        5.95544485628971
      ],
      [
        -0.21499656707504658,
        0.5537859984133678,
        -0.8044237341769908,
        -8.073066234734554
      ],
      [
        0,
        0,
        0,
        1
      ]
    ]
  },
  "horizontalFieldOfView": 1.0722488549544456,
  "verticalFieldOfView": 0.5775640646837439,
  "vanishingPoints": [
    {
      "x": 7.727899342111119,
      "y": 0.5554834771605359
    },
    {
      "x": -0.44981428114660327,
      "y": 1.1586271082105795
    },
    {
      "x": -0.1856245177361484,
      "y": -2.5167871620542464
    }
  ],
  "vanishingPointAxes": [
    "xNegative",
    "zPositive",
    "yPositive"
  ],
  "relativeFocalLength": 1.6830095877753497,
  "imageWidth": 4608,
  "imageHeight": 2304
}