{
  "principalPoint": {
    "x": 0,
    "y": 0
  },
  "viewTransform": {
    "rows": [
      [
        -0.9980085016938202,
        -0.029740533696748544,
        -0.055628510696302286,
        -1.2452591176210308
      ],
      [
        -0.052390598507179593,
        0.8819637892867953,
        0.4683963061072714,
        -0.54460163258154
      ],
      [
        0.035131975960875944,
        0.4703779066264802,
        -0.8817654842546144,
        -10
      ],
      [
        0,
        0,
        0,
        1
      ]
    ]
  },
  "cameraTransform": {
    "rows": [
      [
        -0.9980085016938203,
        -0.0523905985071796,
        0.035131975960875944,
        -0.9199914320677083
      ],
      [
        -0.02974053369674855,
        0.8819637892867955,
        0.4703779066264803,
        5.147063315039401
      ],
      [
        -0.0556285106963023,
        0.4683963061072715,
        -0.8817654842546145,
        -8.631837359689213
      ],
      [
        0,
        0,
        0,
        1
      ]
    ]
  },
  "horizontalFieldOfView": 0.8941005965602769,
  "verticalFieldOfView": 0.4705436319388788,
  "vanishingPoints": [
    {
      "x": 59.25342891923477,
      "y": 3.1105171944053347
    },
    {
      "x": -0.13159099224030724,
      "y": 1.1080061988150192
    },
    {
      "x": 0.13188143565142768,
      "y": -3.910980613519848
    }
  ],
  "vanishingPointAxes": [
    "xNegative",
    "zPositive",
    "yPositive"
  ],
  "relativeFocalLength": 2.0858439951733705,
  "imageWidth": 4608,
  "imageHeight": 2304
}